province,city,departments,start_date,project_budget,project_status,project_complaints
Lumbini Province,Chitwan,Agriculture,12/4/2023,"$344,977.76 ",Halted,
Gandaki Province,Dhangadi,Hydro Power,11/18/2021,"$746,329.16 ",In Progress,
Gandaki Province,Chitwan,Transportation,1/9/2024,"$766,734.12 ",In Progress,
Sagarmatha Province,Dhangadi,Health,11/9/2021,"$501,729.87 ",Delayed,
Gandaki Province,Dhangadi,Agriculture,4/21/2021,"$301,461.26 ",Delayed,
Bagmati Province,Chitwan,IT and Communication,12/29/2022,"$206,586.56 ",In Progress,
Karnali Province,Itahari,Hydro Power,10/7/2021,"$998,411.47 ",Completed,
Gandaki Province,Itahari,Hydro Power,6/23/2022,"$295,000.50 ",Completed,
Lumbini Province,Itahari,Foreign Investment,11/13/2023,"$915,831.76 ",Delayed,
Gandaki Province,Kathmandu,IT and Communication,5/30/2023,"$601,945.12 ",Halted,
Sagarmatha Province,Pokhara,Education,1/21/2022,"$835,826.02 ",Yet to Start,
Lumbini Province,Itahari,Hydro Power,8/19/2021,"$579,221.22 ",Completed,
Gandaki Province,Kathmandu,IT and Communication,6/28/2023,"$408,176.04 ",Delayed,
Lumbini Province,Itahari,IT and Communication,6/5/2023,"$171,492.81 ",In Progress,
Gandaki Province,Butwal,IT and Communication,3/8/2023,"$848,339.96 ",Yet to Start,
Lumbini Province,Chitwan,Electricity,6/4/2021,"$996,169.51 ",Completed,
Karnali Province,Kathmandu,IT and Communication,10/14/2022,"$556,116.67 ",Halted,
Gandaki Province,Butwal,Health,3/6/2022,"$667,250.99 ",Completed,
Sagarmatha Province,Dhangadi,Hydro Power,11/3/2022,"$513,097.70 ",Halted,
Lumbini Province,Dhangadi,Foreign Investment,5/1/2022,"$901,790.43 ",Delayed,
Gandaki Province,Itahari,Transportation,8/5/2022,"$762,401.73 ",Halted,
Lumbini Province,Kathmandu,Education,12/27/2023,"$964,270.34 ",Halted,Yes
Gandaki Province,Dhangadi,Electricity,6/16/2021,"$415,849.49 ",Delayed,
Sagarmatha Province,Kathmandu,Health,3/14/2021,"$360,075.98 ",Delayed,
Karnali Province,Dhangadi,Health,12/26/2022,"$647,501.14 ",Completed,
Lumbini Province,Kathmandu,Hydro Power,8/23/2021,"$393,423.51 ",Halted,
Karnali Province,Pokhara,Hydro Power,2/2/2021,"$612,375.75 ",Delayed,
Karnali Province,Itahari,Education,5/18/2023,"$228,460.14 ",In Progress,
Karnali Province,Dhangadi,Agriculture,10/7/2023,"$769,397.28 ",Delayed,
Bagmati Province,Itahari,Education,11/2/2023,"$937,426.75 ",Yet to Start,
Karnali Province,Chitwan,Electricity,8/8/2023,"$193,682.85 ",Halted,Yes
Gandaki Province,Kathmandu,Electricity,5/24/2023,"$805,024.68 ",Delayed,
Gandaki Province,Kathmandu,Hydro Power,11/29/2021,"$609,344.01 ",Halted,
Sagarmatha Province,Chitwan,Education,12/9/2022,"$293,453.91 ",Yet to Start,
Karnali Province,Itahari,IT and Communication,8/16/2021,"$674,398.68 ",Completed,
Lumbini Province,Butwal,Foreign Investment,6/13/2021,"$462,392.40 ",Completed,
Karnali Province,Itahari,Electricity,8/31/2023,"$756,743.25 ",Halted,
Karnali Province,Butwal,Foreign Investment,1/18/2024,"$792,712.65 ",Delayed,
Bagmati Province,Butwal,Hydro Power,4/16/2023,"$213,123.96 ",Completed,
Gandaki Province,Dhangadi,Education,4/23/2022,"$288,375.34 ",Yet to Start,
Karnali Province,Kathmandu,Transportation,5/24/2023,"$269,408.42 ",Halted,
Bagmati Province,Kathmandu,Transportation,7/11/2023,"$246,209.36 ",Halted,Yes
Karnali Province,Chitwan,Foreign Investment,8/25/2022,"$359,855.68 ",Delayed,
Karnali Province,Chitwan,Electricity,10/5/2023,"$312,316.94 ",Completed,
Bagmati Province,Dhangadi,Hydro Power,4/3/2023,"$311,327.90 ",Delayed,
Gandaki Province,Itahari,Education,2/23/2023,"$932,387.76 ",Yet to Start,
Lumbini Province,Dhangadi,Agriculture,12/14/2021,"$427,374.69 ",Halted,
Gandaki Province,Chitwan,Foreign Investment,9/6/2022,"$545,046.53 ",Delayed,
Gandaki Province,Chitwan,Education,9/7/2021,"$225,114.49 ",Yet to Start,
Gandaki Province,Itahari,Agriculture,12/17/2021,"$655,807.66 ",Yet to Start,
Gandaki Province,Pokhara,Agriculture,8/19/2021,"$203,374.79 ",Yet to Start,
Bagmati Province,Chitwan,IT and Communication,11/30/2021,"$546,098.91 ",Delayed,
Lumbini Province,Chitwan,Education,7/5/2021,"$822,515.26 ",Completed,
Karnali Province,Itahari,IT and Communication,12/17/2021,"$864,956.38 ",Halted,
Sagarmatha Province,Pokhara,IT and Communication,2/24/2021,"$864,271.24 ",Delayed,
Gandaki Province,Dhangadi,Agriculture,8/16/2023,"$916,772.63 ",Halted,
Gandaki Province,Chitwan,Education,9/1/2022,"$217,898.23 ",Halted,
Bagmati Province,Pokhara,Education,8/9/2021,"$713,649.72 ",In Progress,
Sagarmatha Province,Butwal,Hydro Power,4/21/2023,"$717,296.97 ",Yet to Start,
Karnali Province,Dhangadi,Transportation,2/11/2023,"$579,726.72 ",Halted,
Gandaki Province,Butwal,Transportation,3/28/2023,"$229,980.67 ",Completed,
Lumbini Province,Pokhara,Agriculture,3/15/2022,"$393,506.87 ",In Progress,
Karnali Province,Chitwan,Hydro Power,10/1/2022,"$645,875.17 ",In Progress,
Gandaki Province,Kathmandu,Foreign Investment,4/4/2023,"$665,527.05 ",Completed,
Gandaki Province,Butwal,Hydro Power,2/15/2022,"$893,145.70 ",In Progress,
Bagmati Province,Dhangadi,Hydro Power,6/2/2023,"$540,871.32 ",In Progress,
Karnali Province,Chitwan,Agriculture,11/29/2023,"$599,788.45 ",Completed,
Karnali Province,Butwal,Electricity,11/29/2021,"$606,587.59 ",Delayed,
Bagmati Province,Itahari,Foreign Investment,7/19/2023,"$396,026.07 ",In Progress,
Gandaki Province,Chitwan,Agriculture,10/10/2022,"$258,266.18 ",Yet to Start,
Gandaki Province,Chitwan,Electricity,5/6/2023,"$715,018.49 ",Delayed,
Lumbini Province,Dhangadi,Hydro Power,6/24/2022,"$711,350.96 ",Halted,
Sagarmatha Province,Dhangadi,Agriculture,8/16/2022,"$754,528.27 ",Yet to Start,
Karnali Province,Pokhara,Hydro Power,6/5/2022,"$668,034.64 ",Halted,
Gandaki Province,Butwal,Transportation,9/8/2021,"$647,997.54 ",Halted,
Lumbini Province,Pokhara,IT and Communication,7/17/2022,"$398,499.86 ",Completed,
Sagarmatha Province,Pokhara,Transportation,2/9/2023,"$242,263.29 ",Completed,
Karnali Province,Dhangadi,IT and Communication,10/10/2021,"$581,179.51 ",In Progress,
Lumbini Province,Butwal,Hydro Power,7/15/2022,"$972,585.66 ",Halted,
Sagarmatha Province,Dhangadi,Agriculture,3/11/2022,"$901,421.93 ",Completed,
Lumbini Province,Itahari,Education,10/30/2022,"$783,949.84 ",Delayed,
Karnali Province,Pokhara,Foreign Investment,12/3/2023,"$959,558.40 ",Delayed,Yes
Gandaki Province,Chitwan,Hydro Power,1/31/2023,"$249,139.15 ",Halted,
Lumbini Province,Chitwan,Health,5/30/2022,"$331,047.84 ",Completed,
Bagmati Province,Kathmandu,Agriculture,3/13/2023,"$463,364.56 ",Completed,
Sagarmatha Province,Pokhara,IT and Communication,3/25/2022,"$834,928.98 ",Delayed,
Lumbini Province,Itahari,Agriculture,9/5/2023,"$538,305.97 ",Halted,
Lumbini Province,Butwal,Education,7/3/2023,"$850,483.75 ",Completed,
Karnali Province,Kathmandu,Hydro Power,10/22/2021,"$339,186.02 ",Completed,
Karnali Province,Pokhara,Hydro Power,4/26/2023,"$506,650.13 ",Completed,
Sagarmatha Province,Kathmandu,Foreign Investment,9/9/2022,"$524,381.00 ",Completed,
Bagmati Province,Itahari,Education,6/25/2021,"$287,591.91 ",In Progress,
Bagmati Province,Butwal,Health,2/24/2023,"$554,541.97 ",Delayed,
Karnali Province,Dhangadi,Education,7/20/2023,"$802,784.91 ",Halted,
Lumbini Province,Itahari,Transportation,12/10/2022,"$710,499.62 ",Yet to Start,
Gandaki Province,Itahari,Education,1/1/2024,"$332,858.84 ",Yet to Start,
Gandaki Province,Chitwan,Health,11/26/2023,"$701,694.89 ",Delayed,
Gandaki Province,Chitwan,IT and Communication,9/20/2022,"$909,580.46 ",Completed,
Gandaki Province,Itahari,Foreign Investment,1/24/2021,"$425,365.05 ",Completed,
Gandaki Province,Itahari,Transportation,1/10/2022,"$505,135.09 ",Yet to Start,
Sagarmatha Province,Butwal,Hydro Power,4/14/2021,"$870,540.41 ",Completed,
Gandaki Province,Itahari,Health,3/28/2021,"$481,651.40 ",Completed,
Gandaki Province,Pokhara,Electricity,10/16/2023,"$989,239.95 ",Yet to Start,
Sagarmatha Province,Itahari,Foreign Investment,4/14/2022,"$934,149.38 ",Delayed,
Karnali Province,Chitwan,Electricity,8/6/2023,"$552,806.91 ",Halted,
Lumbini Province,Dhangadi,Health,1/28/2022,"$792,421.27 ",Completed,
Gandaki Province,Chitwan,Transportation,10/23/2022,"$773,318.05 ",Completed,
Sagarmatha Province,Dhangadi,Hydro Power,5/26/2022,"$542,042.62 ",In Progress,
Bagmati Province,Itahari,Electricity,3/23/2021,"$496,719.58 ",Yet to Start,
Gandaki Province,Chitwan,Transportation,8/29/2023,"$781,539.84 ",Delayed,
Lumbini Province,Pokhara,Hydro Power,4/24/2021,"$753,267.26 ",In Progress,
Gandaki Province,Dhangadi,Foreign Investment,10/24/2023,"$813,738.28 ",Delayed,
Karnali Province,Itahari,Agriculture,11/12/2023,"$705,935.17 ",Yet to Start,
Bagmati Province,Dhangadi,Foreign Investment,4/7/2022,"$604,750.41 ",Halted,
Gandaki Province,Butwal,Health,3/23/2023,"$796,937.99 ",Halted,
Karnali Province,Dhangadi,Transportation,8/21/2021,"$922,206.76 ",Delayed,
Karnali Province,Itahari,IT and Communication,9/18/2022,"$985,190.33 ",Delayed,
Gandaki Province,Dhangadi,IT and Communication,2/23/2023,"$832,030.09 ",Delayed,
Sagarmatha Province,Chitwan,Agriculture,8/5/2022,"$403,554.24 ",Delayed,
Gandaki Province,Kathmandu,Transportation,3/20/2022,"$991,541.75 ",Completed,
Gandaki Province,Butwal,Transportation,3/7/2022,"$320,631.22 ",Completed,
Karnali Province,Pokhara,Electricity,6/19/2023,"$628,165.22 ",In Progress,
Lumbini Province,Pokhara,Hydro Power,2/8/2022,"$353,679.19 ",Yet to Start,
Sagarmatha Province,Dhangadi,Transportation,3/13/2023,"$645,447.53 ",Halted,
Lumbini Province,Pokhara,Health,11/14/2021,"$903,120.52 ",In Progress,
Karnali Province,Kathmandu,Hydro Power,8/10/2023,"$365,497.81 ",Halted,
Sagarmatha Province,Kathmandu,IT and Communication,6/6/2023,"$664,592.85 ",Delayed,
Sagarmatha Province,Kathmandu,Health,9/1/2021,"$348,499.14 ",In Progress,
Sagarmatha Province,Kathmandu,Electricity,10/6/2021,"$651,122.99 ",Completed,
Lumbini Province,Chitwan,Health,3/25/2022,"$935,233.32 ",Delayed,
Lumbini Province,Kathmandu,Agriculture,9/20/2022,"$570,359.00 ",Delayed,
Lumbini Province,Kathmandu,Hydro Power,7/25/2023,"$633,098.91 ",Halted,
Gandaki Province,Kathmandu,Electricity,2/9/2022,"$825,469.15 ",Delayed,
Bagmati Province,Butwal,IT and Communication,9/15/2023,"$284,623.03 ",Delayed,
Lumbini Province,Pokhara,Foreign Investment,4/21/2023,"$621,826.38 ",Halted,
Sagarmatha Province,Pokhara,Agriculture,12/13/2022,"$222,364.04 ",Delayed,
Sagarmatha Province,Chitwan,Health,11/10/2022,"$793,534.47 ",Yet to Start,
Bagmati Province,Itahari,Foreign Investment,11/24/2023,"$449,997.63 ",Halted,
Karnali Province,Dhangadi,Education,4/18/2021,"$227,324.81 ",Halted,
Sagarmatha Province,Dhangadi,Transportation,4/15/2021,"$432,778.39 ",Delayed,
Gandaki Province,Itahari,Foreign Investment,3/12/2021,"$843,070.85 ",Halted,
Karnali Province,Dhangadi,Education,7/20/2023,"$442,348.79 ",Yet to Start,
Sagarmatha Province,Butwal,Electricity,2/18/2022,"$896,538.69 ",In Progress,
Karnali Province,Dhangadi,Foreign Investment,1/5/2022,"$970,011.34 ",Halted,
Bagmati Province,Kathmandu,Health,3/9/2021,"$583,410.89 ",Delayed,
Bagmati Province,Butwal,IT and Communication,3/31/2022,"$219,901.47 ",Halted,
Bagmati Province,Itahari,Health,1/8/2023,"$217,218.46 ",Yet to Start,
Sagarmatha Province,Kathmandu,IT and Communication,3/9/2021,"$702,906.65 ",Yet to Start,
Karnali Province,Chitwan,Hydro Power,3/26/2022,"$867,531.05 ",Halted,
Bagmati Province,Butwal,Electricity,11/11/2022,"$682,275.86 ",Delayed,
Lumbini Province,Itahari,Transportation,11/26/2022,"$576,365.22 ",Halted,
Karnali Province,Chitwan,Health,3/22/2022,"$250,183.79 ",In Progress,
Bagmati Province,Kathmandu,IT and Communication,11/20/2021,"$598,091.41 ",Completed,
Karnali Province,Pokhara,Foreign Investment,2/17/2021,"$693,640.89 ",In Progress,
Lumbini Province,Pokhara,Hydro Power,1/25/2024,"$843,727.47 ",In Progress,
Bagmati Province,Butwal,Foreign Investment,6/18/2023,"$704,351.43 ",Halted,
Sagarmatha Province,Dhangadi,Health,8/24/2022,"$880,846.42 ",Completed,
Gandaki Province,Dhangadi,Foreign Investment,4/22/2023,"$809,920.61 ",Yet to Start,
Lumbini Province,Itahari,Foreign Investment,8/15/2022,"$717,517.86 ",In Progress,
Karnali Province,Itahari,Health,2/21/2023,"$780,560.02 ",Delayed,
Lumbini Province,Chitwan,Agriculture,5/26/2022,"$551,613.30 ",Delayed,
Lumbini Province,Chitwan,IT and Communication,1/14/2024,"$175,798.56 ",Yet to Start,
Gandaki Province,Dhangadi,Hydro Power,9/29/2021,"$240,765.25 ",Halted,Yes
Karnali Province,Dhangadi,IT and Communication,12/5/2022,"$361,940.71 ",In Progress,
Bagmati Province,Dhangadi,Health,3/12/2021,"$614,874.33 ",Completed,
Karnali Province,Itahari,Electricity,3/18/2023,"$449,506.20 ",Completed,
Gandaki Province,Dhangadi,Transportation,11/27/2022,"$474,709.13 ",In Progress,
Lumbini Province,Kathmandu,Health,12/17/2021,"$230,803.87 ",Yet to Start,
Karnali Province,Dhangadi,Education,11/3/2021,"$539,159.38 ",Halted,
Gandaki Province,Butwal,Education,7/7/2023,"$472,222.79 ",Delayed,
Karnali Province,Chitwan,Hydro Power,6/17/2023,"$990,857.82 ",In Progress,
Karnali Province,Pokhara,Hydro Power,9/9/2023,"$771,882.31 ",Completed,
Karnali Province,Kathmandu,Agriculture,3/15/2023,"$788,960.32 ",Completed,
Gandaki Province,Kathmandu,Health,4/21/2022,"$249,364.26 ",Completed,
Lumbini Province,Itahari,Education,3/13/2022,"$913,403.86 ",Yet to Start,
Karnali Province,Kathmandu,Transportation,9/18/2023,"$214,083.66 ",In Progress,
Lumbini Province,Dhangadi,Agriculture,3/18/2022,"$332,093.84 ",Yet to Start,
Karnali Province,Chitwan,Transportation,9/24/2022,"$961,746.65 ",In Progress,
Lumbini Province,Itahari,Health,11/14/2023,"$490,870.91 ",Halted,
Karnali Province,Pokhara,IT and Communication,10/4/2023,"$437,453.56 ",Halted,
Gandaki Province,Chitwan,Education,10/8/2022,"$869,916.47 ",Delayed,
Gandaki Province,Kathmandu,Hydro Power,3/9/2022,"$846,516.56 ",In Progress,
Karnali Province,Chitwan,IT and Communication,8/10/2021,"$512,921.57 ",Completed,
Bagmati Province,Kathmandu,Transportation,6/1/2022,"$345,862.28 ",Halted,
Bagmati Province,Butwal,Electricity,5/23/2022,"$295,067.63 ",Completed,
Lumbini Province,Butwal,Foreign Investment,10/18/2021,"$628,902.78 ",Halted,Yes
Bagmati Province,Kathmandu,Education,8/12/2021,"$159,344.99 ",Completed,
Lumbini Province,Pokhara,Education,9/5/2022,"$930,872.38 ",Delayed,
Bagmati Province,Pokhara,IT and Communication,12/5/2023,"$733,306.66 ",Yet to Start,
Bagmati Province,Pokhara,Foreign Investment,12/8/2022,"$541,467.35 ",Delayed,
Lumbini Province,Chitwan,Electricity,9/15/2023,"$370,775.77 ",In Progress,
Gandaki Province,Chitwan,IT and Communication,2/13/2022,"$348,401.52 ",In Progress,
Karnali Province,Dhangadi,Education,2/21/2023,"$982,346.33 ",In Progress,
Bagmati Province,Pokhara,Hydro Power,10/28/2023,"$815,935.75 ",Halted,
Lumbini Province,Kathmandu,Foreign Investment,10/2/2021,"$802,467.03 ",Delayed,
Gandaki Province,Butwal,Hydro Power,9/1/2023,"$362,216.01 ",In Progress,
Bagmati Province,Pokhara,Agriculture,5/15/2022,"$405,519.17 ",Yet to Start,
Karnali Province,Butwal,Hydro Power,2/27/2021,"$894,733.22 ",Completed,
Gandaki Province,Kathmandu,IT and Communication,2/15/2022,"$964,329.49 ",Completed,
Lumbini Province,Kathmandu,IT and Communication,5/15/2022,"$923,178.95 ",Delayed,
Lumbini Province,Pokhara,IT and Communication,9/17/2023,"$977,269.37 ",In Progress,
Gandaki Province,Dhangadi,Hydro Power,7/7/2023,"$456,671.88 ",Delayed,
Lumbini Province,Pokhara,Transportation,12/2/2023,"$813,920.06 ",Delayed,
Gandaki Province,Pokhara,Agriculture,10/21/2021,"$414,728.92 ",In Progress,
Karnali Province,Butwal,Agriculture,1/20/2023,"$198,785.83 ",Yet to Start,
Gandaki Province,Dhangadi,Health,2/22/2023,"$794,651.37 ",Delayed,
Gandaki Province,Pokhara,Health,8/28/2022,"$265,727.61 ",Halted,
Lumbini Province,Itahari,Agriculture,3/16/2021,"$229,856.26 ",Completed,
Sagarmatha Province,Itahari,Transportation,4/18/2021,"$356,735.45 ",In Progress,Yes
Bagmati Province,Itahari,Hydro Power,10/21/2022,"$343,662.18 ",Delayed,
Lumbini Province,Dhangadi,Hydro Power,12/13/2021,"$916,191.74 ",Yet to Start,
Gandaki Province,Dhangadi,Transportation,5/27/2023,"$873,243.39 ",Delayed,
Karnali Province,Dhangadi,Hydro Power,10/20/2022,"$704,510.61 ",Yet to Start,
Lumbini Province,Chitwan,Transportation,12/18/2022,"$837,769.05 ",In Progress,
Gandaki Province,Dhangadi,Health,2/27/2021,"$491,689.42 ",In Progress,
Gandaki Province,Itahari,IT and Communication,6/27/2022,"$232,561.04 ",In Progress,
Lumbini Province,Pokhara,Electricity,2/20/2021,"$385,096.38 ",Halted,
Lumbini Province,Kathmandu,Electricity,8/29/2022,"$711,982.11 ",Yet to Start,
Gandaki Province,Butwal,Agriculture,5/20/2021,"$641,487.98 ",In Progress,Yes
Bagmati Province,Pokhara,Agriculture,1/16/2023,"$839,173.11 ",Completed,
Gandaki Province,Chitwan,Health,1/26/2023,"$845,258.02 ",Delayed,
Gandaki Province,Butwal,Electricity,9/27/2021,"$366,646.88 ",In Progress,
Bagmati Province,Butwal,Education,12/25/2023,"$299,403.68 ",Delayed,Yes
Karnali Province,Dhangadi,IT and Communication,4/7/2023,"$792,911.30 ",Completed,
Lumbini Province,Pokhara,Foreign Investment,1/17/2024,"$525,487.07 ",Completed,
Karnali Province,Kathmandu,Transportation,8/21/2022,"$379,522.72 ",Completed,
Sagarmatha Province,Pokhara,Electricity,1/4/2022,"$702,623.62 ",Yet to Start,
Gandaki Province,Kathmandu,Hydro Power,5/25/2021,"$963,786.82 ",In Progress,
Lumbini Province,Butwal,Health,9/19/2022,"$594,865.27 ",Yet to Start,
Bagmati Province,Butwal,Electricity,10/9/2023,"$507,871.18 ",Completed,
Bagmati Province,Itahari,Foreign Investment,5/1/2021,"$323,178.90 ",Completed,
Gandaki Province,Butwal,Education,2/11/2021,"$802,015.01 ",In Progress,
Bagmati Province,Chitwan,Transportation,2/25/2022,"$398,450.89 ",Completed,
Sagarmatha Province,Pokhara,Foreign Investment,7/4/2023,"$572,190.16 ",Yet to Start,
Lumbini Province,Itahari,Education,7/15/2022,"$420,362.03 ",Delayed,
Karnali Province,Itahari,IT and Communication,8/20/2022,"$175,369.19 ",Halted,
Sagarmatha Province,Dhangadi,Agriculture,10/30/2021,"$246,729.66 ",Halted,
Gandaki Province,Dhangadi,Education,10/14/2021,"$767,689.69 ",In Progress,
Karnali Province,Kathmandu,Health,1/10/2023,"$949,122.39 ",In Progress,
Lumbini Province,Chitwan,IT and Communication,3/16/2022,"$696,019.93 ",Halted,
Lumbini Province,Butwal,Education,12/6/2022,"$910,754.34 ",In Progress,
Gandaki Province,Dhangadi,Health,7/24/2023,"$943,337.41 ",Yet to Start,
Karnali Province,Kathmandu,Health,1/11/2022,"$304,041.88 ",Delayed,
Lumbini Province,Chitwan,Agriculture,1/22/2023,"$549,245.61 ",In Progress,
Karnali Province,Butwal,Foreign Investment,1/14/2024,"$494,813.50 ",Yet to Start,
Gandaki Province,Chitwan,Transportation,4/17/2023,"$462,201.90 ",Completed,
Lumbini Province,Dhangadi,Health,8/20/2022,"$573,099.31 ",Delayed,
Sagarmatha Province,Chitwan,Education,9/18/2023,"$754,610.21 ",In Progress,
Gandaki Province,Itahari,Health,1/16/2023,"$390,043.89 ",Yet to Start,
Gandaki Province,Dhangadi,IT and Communication,8/12/2023,"$487,388.68 ",Yet to Start,
Sagarmatha Province,Butwal,IT and Communication,3/7/2023,"$897,409.95 ",Delayed,Yes
Gandaki Province,Itahari,Education,2/20/2023,"$513,040.05 ",Completed,
Karnali Province,Pokhara,Hydro Power,5/1/2021,"$367,757.01 ",In Progress,
Karnali Province,Butwal,Health,3/17/2023,"$331,921.82 ",Delayed,
Bagmati Province,Itahari,Health,12/17/2022,"$861,247.36 ",Halted,
Karnali Province,Itahari,Electricity,10/3/2022,"$239,798.55 ",In Progress,
Karnali Province,Dhangadi,IT and Communication,6/22/2023,"$298,164.04 ",Delayed,Yes
Bagmati Province,Kathmandu,Transportation,6/23/2023,"$916,151.97 ",Delayed,
Bagmati Province,Itahari,Health,10/25/2022,"$507,359.06 ",Halted,
Sagarmatha Province,Itahari,Hydro Power,3/2/2022,"$255,770.78 ",Delayed,
Gandaki Province,Itahari,Hydro Power,11/10/2021,"$251,253.26 ",In Progress,
Bagmati Province,Chitwan,Hydro Power,8/1/2022,"$660,560.57 ",In Progress,
Bagmati Province,Kathmandu,Transportation,11/7/2021,"$989,189.62 ",Halted,
Gandaki Province,Chitwan,Foreign Investment,1/16/2022,"$612,920.55 ",Completed,
Karnali Province,Kathmandu,Education,5/18/2022,"$617,590.00 ",Completed,
Sagarmatha Province,Dhangadi,Hydro Power,6/10/2022,"$887,919.24 ",Halted,
Bagmati Province,Dhangadi,Agriculture,10/27/2021,"$210,079.53 ",Delayed,
Sagarmatha Province,Itahari,Foreign Investment,9/12/2023,"$721,154.36 ",In Progress,
Lumbini Province,Chitwan,Agriculture,2/27/2022,"$349,315.14 ",Delayed,
Sagarmatha Province,Pokhara,Health,7/15/2021,"$665,660.03 ",Halted,Yes
Gandaki Province,Kathmandu,Hydro Power,12/10/2021,"$160,736.26 ",Completed,
Lumbini Province,Dhangadi,Hydro Power,2/24/2022,"$368,569.99 ",Halted,
Sagarmatha Province,Itahari,Education,2/24/2023,"$508,455.05 ",Delayed,
Gandaki Province,Dhangadi,Transportation,10/17/2021,"$869,788.84 ",Halted,
Karnali Province,Itahari,Agriculture,3/20/2022,"$817,095.21 ",Halted,
Karnali Province,Chitwan,Foreign Investment,8/19/2023,"$780,548.38 ",Yet to Start,
Sagarmatha Province,Pokhara,Transportation,6/26/2023,"$291,359.83 ",Delayed,
Sagarmatha Province,Kathmandu,Foreign Investment,7/13/2023,"$298,363.74 ",Delayed,
Sagarmatha Province,Dhangadi,Electricity,11/17/2022,"$344,195.65 ",Completed,
Karnali Province,Itahari,Electricity,12/18/2023,"$249,162.57 ",Delayed,
Karnali Province,Butwal,Hydro Power,1/5/2024,"$442,903.58 ",Delayed,
Gandaki Province,Kathmandu,Health,11/28/2021,"$758,033.62 ",Yet to Start,
Karnali Province,Itahari,IT and Communication,8/29/2021,"$339,466.59 ",In Progress,
Sagarmatha Province,Itahari,Education,8/10/2022,"$632,271.26 ",In Progress,
Gandaki Province,Butwal,Electricity,1/10/2023,"$638,400.10 ",Yet to Start,
Lumbini Province,Chitwan,Transportation,7/30/2022,"$762,238.77 ",Delayed,
Lumbini Province,Butwal,Agriculture,6/14/2023,"$643,103.56 ",Completed,
Sagarmatha Province,Pokhara,Foreign Investment,1/6/2024,"$552,236.68 ",Yet to Start,
Lumbini Province,Itahari,Foreign Investment,6/22/2022,"$311,343.71 ",Halted,
Karnali Province,Dhangadi,Agriculture,6/11/2021,"$396,410.62 ",Halted,
Lumbini Province,Chitwan,Agriculture,7/19/2023,"$704,494.55 ",Yet to Start,
Lumbini Province,Pokhara,IT and Communication,11/11/2021,"$465,772.23 ",In Progress,
Lumbini Province,Chitwan,IT and Communication,12/15/2021,"$772,234.00 ",In Progress,
Lumbini Province,Itahari,Transportation,5/23/2023,"$449,764.23 ",Halted,
Karnali Province,Chitwan,Education,3/5/2022,"$876,299.75 ",Delayed,
Bagmati Province,Butwal,Electricity,3/26/2021,"$424,514.77 ",Yet to Start,
Gandaki Province,Chitwan,Agriculture,8/31/2021,"$994,695.83 ",In Progress,
Sagarmatha Province,Dhangadi,Foreign Investment,11/18/2023,"$483,243.70 ",Yet to Start,
Gandaki Province,Pokhara,Agriculture,12/24/2022,"$768,445.34 ",Halted,
Karnali Province,Kathmandu,IT and Communication,10/9/2022,"$446,568.58 ",Delayed,
Lumbini Province,Chitwan,Transportation,1/19/2022,"$928,815.31 ",Completed,
Gandaki Province,Chitwan,Transportation,2/11/2021,"$758,835.45 ",Yet to Start,
Karnali Province,Kathmandu,Electricity,11/29/2022,"$422,857.28 ",Delayed,
Sagarmatha Province,Itahari,Electricity,10/19/2021,"$967,405.81 ",Yet to Start,
Lumbini Province,Kathmandu,IT and Communication,9/13/2023,"$577,245.97 ",Halted,
Karnali Province,Kathmandu,Health,1/6/2024,"$835,153.17 ",Yet to Start,
Lumbini Province,Itahari,Hydro Power,5/17/2023,"$504,385.27 ",In Progress,
Karnali Province,Chitwan,Transportation,8/17/2021,"$362,365.90 ",Completed,
Sagarmatha Province,Dhangadi,Transportation,4/3/2021,"$589,694.59 ",Halted,
Karnali Province,Dhangadi,Education,2/4/2023,"$986,945.56 ",Yet to Start,
Sagarmatha Province,Itahari,Health,4/12/2021,"$464,420.19 ",Halted,
Gandaki Province,Chitwan,Foreign Investment,11/17/2021,"$382,229.52 ",In Progress,
Gandaki Province,Pokhara,Hydro Power,1/13/2023,"$480,946.93 ",Completed,
Lumbini Province,Pokhara,Agriculture,5/20/2022,"$594,925.46 ",Completed,
Lumbini Province,Butwal,Foreign Investment,3/31/2023,"$854,301.73 ",Delayed,
Bagmati Province,Itahari,Education,2/28/2021,"$780,318.14 ",In Progress,
Bagmati Province,Chitwan,Foreign Investment,10/29/2021,"$534,530.57 ",In Progress,
Bagmati Province,Pokhara,Hydro Power,5/28/2022,"$451,416.19 ",In Progress,
Karnali Province,Itahari,Electricity,2/2/2022,"$206,581.56 ",In Progress,
Bagmati Province,Pokhara,Hydro Power,12/17/2021,"$563,188.27 ",Yet to Start,
Sagarmatha Province,Pokhara,Transportation,8/23/2021,"$911,342.83 ",Yet to Start,
Bagmati Province,Butwal,Foreign Investment,9/23/2023,"$899,864.72 ",Completed,
Karnali Province,Chitwan,Transportation,2/2/2021,"$163,206.60 ",Halted,
Bagmati Province,Pokhara,Agriculture,9/25/2022,"$179,666.50 ",Delayed,
Bagmati Province,Kathmandu,Foreign Investment,6/24/2022,"$247,469.03 ",Halted,
Karnali Province,Dhangadi,Transportation,9/9/2023,"$472,996.10 ",Delayed,
Bagmati Province,Dhangadi,Education,10/8/2023,"$286,523.56 ",In Progress,
Sagarmatha Province,Butwal,Transportation,9/22/2021,"$206,752.83 ",Halted,
Lumbini Province,Chitwan,Education,1/22/2024,"$636,454.18 ",Yet to Start,
Karnali Province,Pokhara,IT and Communication,3/10/2021,"$158,725.01 ",Delayed,
Sagarmatha Province,Itahari,Education,7/29/2021,"$896,984.97 ",Halted,
Sagarmatha Province,Butwal,Agriculture,8/4/2023,"$521,082.11 ",Delayed,
Karnali Province,Dhangadi,Education,11/5/2021,"$637,087.56 ",Delayed,
Lumbini Province,Kathmandu,Electricity,5/4/2021,"$940,612.03 ",In Progress,
Karnali Province,Pokhara,Transportation,5/27/2022,"$428,291.70 ",Completed,
Karnali Province,Butwal,Foreign Investment,7/3/2022,"$748,380.64 ",Delayed,
Bagmati Province,Pokhara,Electricity,10/8/2021,"$838,284.39 ",In Progress,
Lumbini Province,Chitwan,Education,9/19/2022,"$886,748.14 ",Yet to Start,
Karnali Province,Butwal,Foreign Investment,9/16/2023,"$235,598.33 ",Halted,
Gandaki Province,Kathmandu,Electricity,11/13/2021,"$908,138.76 ",Halted,
Bagmati Province,Butwal,Agriculture,10/20/2022,"$297,194.99 ",Halted,
Sagarmatha Province,Chitwan,Hydro Power,4/26/2023,"$361,726.79 ",In Progress,Yes
Sagarmatha Province,Pokhara,Health,8/25/2021,"$523,912.95 ",Yet to Start,
Lumbini Province,Kathmandu,Transportation,12/22/2021,"$867,513.83 ",In Progress,
Sagarmatha Province,Kathmandu,Health,2/10/2023,"$388,875.17 ",Yet to Start,
Sagarmatha Province,Pokhara,Electricity,1/26/2022,"$227,516.89 ",Delayed,
Gandaki Province,Itahari,Health,2/16/2023,"$811,797.47 ",Halted,
Karnali Province,Kathmandu,Foreign Investment,10/27/2022,"$698,869.54 ",Halted,
Bagmati Province,Dhangadi,Foreign Investment,11/28/2023,"$970,573.61 ",In Progress,
Karnali Province,Dhangadi,Foreign Investment,12/27/2022,"$445,676.30 ",Completed,
Karnali Province,Butwal,Transportation,7/10/2022,"$967,161.39 ",Delayed,
Karnali Province,Kathmandu,Health,10/26/2022,"$796,403.80 ",Delayed,
Bagmati Province,Butwal,Transportation,10/18/2021,"$479,515.96 ",Yet to Start,
Karnali Province,Butwal,Health,10/14/2021,"$977,162.69 ",In Progress,
Bagmati Province,Chitwan,Electricity,5/7/2022,"$325,693.73 ",Halted,
Gandaki Province,Dhangadi,Hydro Power,6/13/2021,"$458,580.46 ",In Progress,
Karnali Province,Chitwan,Education,2/6/2021,"$245,870.67 ",Delayed,
Lumbini Province,Chitwan,Agriculture,7/10/2021,"$572,207.47 ",In Progress,
Lumbini Province,Pokhara,Hydro Power,8/28/2021,"$400,740.50 ",In Progress,
Lumbini Province,Itahari,Transportation,1/31/2021,"$843,087.89 ",In Progress,Yes
Gandaki Province,Dhangadi,Transportation,6/23/2021,"$732,117.36 ",Delayed,
Karnali Province,Chitwan,Health,4/9/2022,"$632,500.96 ",Halted,
Sagarmatha Province,Dhangadi,Foreign Investment,8/27/2021,"$807,783.79 ",In Progress,
Gandaki Province,Itahari,Health,3/9/2021,"$246,338.63 ",Completed,
Bagmati Province,Kathmandu,Agriculture,10/29/2023,"$605,325.10 ",Halted,
Lumbini Province,Kathmandu,Transportation,7/25/2022,"$745,499.04 ",Delayed,
Karnali Province,Itahari,Electricity,8/6/2022,"$371,612.65 ",Completed,
Bagmati Province,Chitwan,IT and Communication,9/4/2023,"$468,398.24 ",Delayed,
Sagarmatha Province,Dhangadi,Electricity,2/22/2023,"$542,492.97 ",Completed,
Lumbini Province,Butwal,Health,10/12/2023,"$704,248.22 ",In Progress,
Bagmati Province,Chitwan,Agriculture,12/30/2022,"$879,810.75 ",Delayed,
Karnali Province,Chitwan,Foreign Investment,1/16/2023,"$600,498.86 ",Completed,
Bagmati Province,Dhangadi,IT and Communication,5/14/2023,"$259,443.90 ",Yet to Start,
Lumbini Province,Dhangadi,Transportation,12/7/2023,"$257,396.46 ",Yet to Start,
Karnali Province,Kathmandu,Electricity,8/19/2023,"$505,726.51 ",Halted,
Gandaki Province,Chitwan,Hydro Power,2/22/2022,"$714,824.06 ",Halted,
Sagarmatha Province,Chitwan,Foreign Investment,12/5/2021,"$786,224.67 ",Completed,
Karnali Province,Dhangadi,Education,8/24/2022,"$976,073.50 ",Completed,
Sagarmatha Province,Kathmandu,IT and Communication,1/12/2024,"$826,744.23 ",Halted,
Sagarmatha Province,Butwal,IT and Communication,12/2/2022,"$824,831.85 ",Completed,
Karnali Province,Butwal,Foreign Investment,2/19/2021,"$537,072.01 ",Delayed,
Bagmati Province,Chitwan,Agriculture,9/5/2021,"$352,778.49 ",Halted,
Lumbini Province,Pokhara,Agriculture,3/11/2022,"$769,817.35 ",Delayed,
Bagmati Province,Pokhara,Transportation,10/7/2023,"$570,255.84 ",Completed,
Karnali Province,Butwal,Hydro Power,12/11/2022,"$659,146.55 ",In Progress,Yes
Gandaki Province,Dhangadi,Health,5/4/2021,"$469,770.51 ",Yet to Start,
Sagarmatha Province,Chitwan,Education,5/21/2022,"$374,394.22 ",Halted,
Bagmati Province,Chitwan,Health,9/8/2023,"$834,286.48 ",Halted,
Gandaki Province,Pokhara,Hydro Power,8/28/2021,"$859,620.74 ",Completed,
Bagmati Province,Itahari,Hydro Power,1/2/2023,"$773,089.09 ",Halted,
Karnali Province,Chitwan,Education,7/27/2022,"$709,571.39 ",Delayed,
Karnali Province,Pokhara,Agriculture,8/1/2023,"$482,370.89 ",In Progress,
Bagmati Province,Chitwan,Health,11/23/2021,"$506,663.16 ",In Progress,
Karnali Province,Chitwan,Foreign Investment,9/29/2021,"$853,389.12 ",Halted,
Karnali Province,Butwal,IT and Communication,7/24/2021,"$489,552.36 ",Yet to Start,
Lumbini Province,Butwal,Electricity,2/11/2023,"$877,840.93 ",Completed,
Karnali Province,Dhangadi,Agriculture,4/17/2022,"$778,603.51 ",Halted,
Karnali Province,Chitwan,Health,1/14/2022,"$764,948.00 ",Yet to Start,
Bagmati Province,Pokhara,Foreign Investment,2/23/2023,"$195,106.49 ",In Progress,
Gandaki Province,Kathmandu,Electricity,12/11/2021,"$287,898.61 ",Completed,
Lumbini Province,Chitwan,Education,9/30/2022,"$777,678.00 ",Yet to Start,
Lumbini Province,Dhangadi,IT and Communication,4/7/2023,"$390,173.97 ",In Progress,
Sagarmatha Province,Pokhara,Transportation,4/28/2021,"$663,372.10 ",Delayed,
Lumbini Province,Kathmandu,Electricity,8/15/2023,"$315,725.55 ",Delayed,
Bagmati Province,Dhangadi,Education,11/26/2022,"$650,780.37 ",Yet to Start,
Karnali Province,Chitwan,Electricity,3/23/2022,"$205,377.24 ",Delayed,
Lumbini Province,Butwal,Foreign Investment,1/27/2024,"$289,071.84 ",Delayed,
Lumbini Province,Kathmandu,Agriculture,9/27/2021,"$360,892.57 ",In Progress,
Bagmati Province,Dhangadi,Electricity,11/6/2023,"$983,837.53 ",Completed,
Sagarmatha Province,Dhangadi,Hydro Power,8/20/2021,"$275,035.85 ",In Progress,
Lumbini Province,Pokhara,Electricity,7/9/2022,"$408,590.72 ",Delayed,
Lumbini Province,Chitwan,Transportation,5/7/2022,"$844,791.03 ",In Progress,Yes
Gandaki Province,Chitwan,Agriculture,12/12/2023,"$878,023.15 ",Completed,
Gandaki Province,Dhangadi,IT and Communication,5/18/2023,"$911,487.26 ",In Progress,
Bagmati Province,Kathmandu,IT and Communication,3/5/2023,"$210,870.15 ",In Progress,
Sagarmatha Province,Itahari,Hydro Power,6/19/2022,"$944,941.05 ",Delayed,
Sagarmatha Province,Dhangadi,Transportation,12/29/2022,"$303,161.86 ",Completed,
Bagmati Province,Butwal,Hydro Power,12/13/2022,"$159,189.46 ",Completed,
Lumbini Province,Kathmandu,Agriculture,3/2/2021,"$875,425.19 ",In Progress,
Bagmati Province,Itahari,Agriculture,3/30/2023,"$657,116.35 ",In Progress,
Gandaki Province,Chitwan,Hydro Power,10/28/2022,"$537,356.06 ",Halted,
Bagmati Province,Dhangadi,Electricity,11/25/2022,"$955,039.22 ",Completed,Yes
Gandaki Province,Butwal,Transportation,6/10/2023,"$495,866.95 ",In Progress,
Karnali Province,Pokhara,Hydro Power,12/23/2023,"$936,000.20 ",In Progress,
Gandaki Province,Kathmandu,IT and Communication,4/19/2021,"$384,681.85 ",Completed,
Bagmati Province,Dhangadi,Foreign Investment,4/23/2022,"$496,622.71 ",In Progress,
Sagarmatha Province,Butwal,Foreign Investment,11/20/2021,"$965,179.49 ",Delayed,
Karnali Province,Pokhara,Agriculture,3/20/2022,"$649,725.58 ",Completed,
Sagarmatha Province,Pokhara,Transportation,8/25/2022,"$996,809.74 ",Halted,
Gandaki Province,Chitwan,IT and Communication,9/4/2023,"$592,957.82 ",Halted,
Gandaki Province,Kathmandu,Transportation,5/21/2022,"$531,556.69 ",Completed,
Gandaki Province,Dhangadi,Transportation,1/8/2024,"$807,721.18 ",Completed,Yes
Karnali Province,Chitwan,Transportation,9/14/2021,"$985,937.34 ",Delayed,
Lumbini Province,Pokhara,Foreign Investment,2/14/2023,"$338,962.74 ",Yet to Start,Yes
Bagmati Province,Kathmandu,Health,10/9/2022,"$628,506.42 ",Delayed,
Gandaki Province,Butwal,Agriculture,10/28/2022,"$326,408.49 ",Halted,
Karnali Province,Butwal,Hydro Power,7/2/2022,"$838,485.15 ",Halted,
Bagmati Province,Dhangadi,Transportation,8/23/2022,"$654,801.57 ",Yet to Start,
Gandaki Province,Itahari,Agriculture,12/25/2023,"$915,944.50 ",In Progress,
Bagmati Province,Butwal,Foreign Investment,11/17/2022,"$290,325.77 ",Halted,
Lumbini Province,Butwal,Agriculture,6/12/2023,"$946,318.98 ",In Progress,
Bagmati Province,Pokhara,Education,8/6/2022,"$195,208.94 ",In Progress,Yes
Karnali Province,Kathmandu,Agriculture,2/24/2021,"$246,246.21 ",In Progress,
Gandaki Province,Pokhara,IT and Communication,11/15/2021,"$561,395.06 ",Yet to Start,
Sagarmatha Province,Itahari,Health,6/7/2022,"$591,171.98 ",Halted,
Karnali Province,Itahari,Health,12/4/2021,"$214,516.99 ",Completed,
Gandaki Province,Chitwan,Transportation,7/30/2023,"$623,563.67 ",Yet to Start,
Lumbini Province,Butwal,Electricity,4/19/2023,"$515,842.35 ",Yet to Start,
Sagarmatha Province,Pokhara,Transportation,10/3/2022,"$957,671.55 ",Yet to Start,
Karnali Province,Dhangadi,Electricity,4/2/2023,"$726,422.84 ",Halted,
Sagarmatha Province,Kathmandu,IT and Communication,4/24/2021,"$179,615.70 ",Yet to Start,
Sagarmatha Province,Itahari,Foreign Investment,7/2/2021,"$267,069.68 ",In Progress,
Gandaki Province,Kathmandu,Education,11/27/2022,"$543,836.70 ",In Progress,
Sagarmatha Province,Dhangadi,Health,7/5/2023,"$649,097.34 ",Delayed,
Gandaki Province,Dhangadi,Hydro Power,5/21/2023,"$384,581.73 ",Halted,
Karnali Province,Chitwan,IT and Communication,4/28/2021,"$268,746.87 ",In Progress,
Bagmati Province,Dhangadi,Electricity,11/12/2022,"$629,049.82 ",Yet to Start,
Karnali Province,Dhangadi,Agriculture,1/18/2022,"$195,596.59 ",Yet to Start,
Sagarmatha Province,Chitwan,Electricity,3/29/2022,"$604,065.01 ",Yet to Start,
Sagarmatha Province,Butwal,Agriculture,1/18/2022,"$472,971.06 ",Halted,
Sagarmatha Province,Chitwan,Hydro Power,11/3/2023,"$421,130.10 ",Completed,
Lumbini Province,Butwal,Health,8/9/2021,"$620,891.58 ",Yet to Start,
Sagarmatha Province,Dhangadi,Transportation,4/19/2021,"$355,631.65 ",Halted,
Karnali Province,Kathmandu,Foreign Investment,10/24/2021,"$465,808.02 ",Completed,Yes
Gandaki Province,Pokhara,Foreign Investment,10/12/2023,"$593,920.19 ",Delayed,
Lumbini Province,Itahari,Health,1/31/2022,"$411,367.73 ",Halted,
Gandaki Province,Itahari,Health,1/30/2021,"$285,937.16 ",In Progress,
Bagmati Province,Itahari,IT and Communication,8/21/2023,"$201,257.89 ",Yet to Start,
Lumbini Province,Dhangadi,Transportation,3/3/2023,"$615,897.85 ",Completed,
Karnali Province,Pokhara,Foreign Investment,4/9/2021,"$961,005.68 ",Yet to Start,
Bagmati Province,Butwal,Transportation,6/19/2021,"$588,307.86 ",Halted,
Sagarmatha Province,Kathmandu,Education,10/6/2021,"$359,440.38 ",In Progress,
Sagarmatha Province,Kathmandu,Education,9/24/2022,"$421,357.74 ",In Progress,
Lumbini Province,Butwal,Education,7/5/2021,"$353,020.82 ",In Progress,
Sagarmatha Province,Itahari,IT and Communication,2/3/2022,"$457,768.51 ",Halted,
Sagarmatha Province,Butwal,Transportation,1/6/2024,"$855,722.85 ",Halted,
Lumbini Province,Chitwan,IT and Communication,6/1/2022,"$304,730.73 ",In Progress,
Bagmati Province,Kathmandu,Education,5/6/2023,"$540,860.93 ",Delayed,
Gandaki Province,Chitwan,IT and Communication,12/18/2021,"$869,994.72 ",In Progress,
Karnali Province,Chitwan,Health,2/7/2021,"$941,821.69 ",Yet to Start,
Bagmati Province,Butwal,Education,4/9/2021,"$931,531.46 ",Completed,
Lumbini Province,Butwal,Hydro Power,8/26/2022,"$660,594.23 ",Completed,
Karnali Province,Chitwan,Foreign Investment,5/16/2023,"$468,110.52 ",Completed,
Gandaki Province,Dhangadi,Health,3/19/2021,"$209,261.77 ",Delayed,
Lumbini Province,Chitwan,IT and Communication,11/9/2023,"$687,679.11 ",Delayed,
Sagarmatha Province,Dhangadi,Health,3/20/2023,"$870,738.61 ",Yet to Start,
Lumbini Province,Butwal,Foreign Investment,11/29/2021,"$690,379.93 ",Delayed,
Gandaki Province,Chitwan,Education,4/9/2022,"$342,308.53 ",Completed,
Lumbini Province,Chitwan,IT and Communication,11/17/2021,"$977,324.87 ",Delayed,
Bagmati Province,Pokhara,Electricity,9/27/2022,"$431,720.25 ",In Progress,
Lumbini Province,Itahari,Foreign Investment,3/5/2023,"$430,621.82 ",Yet to Start,
Bagmati Province,Kathmandu,Electricity,10/21/2021,"$958,106.20 ",Halted,
Gandaki Province,Butwal,Education,6/2/2023,"$294,568.77 ",Halted,
Sagarmatha Province,Chitwan,Foreign Investment,5/20/2023,"$162,385.23 ",Halted,
Lumbini Province,Pokhara,Foreign Investment,2/27/2023,"$545,608.15 ",Yet to Start,
Sagarmatha Province,Dhangadi,Electricity,8/1/2021,"$363,180.36 ",Halted,
Sagarmatha Province,Kathmandu,Agriculture,12/15/2021,"$401,230.19 ",Completed,
Karnali Province,Butwal,IT and Communication,6/23/2023,"$621,296.99 ",In Progress,
Sagarmatha Province,Pokhara,Education,12/3/2022,"$775,854.48 ",Delayed,
Bagmati Province,Kathmandu,IT and Communication,8/6/2023,"$895,340.52 ",Completed,
Sagarmatha Province,Pokhara,Hydro Power,1/24/2021,"$993,325.24 ",Halted,
Lumbini Province,Butwal,Foreign Investment,1/12/2024,"$455,141.71 ",Halted,
Sagarmatha Province,Chitwan,Health,12/30/2023,"$532,647.62 ",In Progress,
Gandaki Province,Dhangadi,IT and Communication,6/26/2023,"$961,799.61 ",Halted,
Karnali Province,Kathmandu,Transportation,11/13/2021,"$343,969.32 ",Delayed,
Sagarmatha Province,Dhangadi,Hydro Power,11/26/2021,"$589,479.65 ",Delayed,
Gandaki Province,Itahari,IT and Communication,4/13/2022,"$267,538.65 ",Yet to Start,
Bagmati Province,Dhangadi,Foreign Investment,1/22/2022,"$461,513.35 ",Yet to Start,
Bagmati Province,Butwal,Health,10/22/2023,"$862,026.98 ",Yet to Start,
Karnali Province,Dhangadi,Hydro Power,7/12/2022,"$947,774.89 ",Delayed,
Karnali Province,Chitwan,Health,9/7/2021,"$229,066.08 ",In Progress,
Lumbini Province,Pokhara,Agriculture,8/23/2021,"$252,538.65 ",Yet to Start,
Gandaki Province,Chitwan,Hydro Power,9/3/2021,"$298,243.07 ",Delayed,
Karnali Province,Itahari,Agriculture,8/17/2022,"$685,646.14 ",In Progress,
Lumbini Province,Butwal,Education,2/7/2022,"$478,524.96 ",Delayed,
Lumbini Province,Itahari,Transportation,1/27/2022,"$900,925.85 ",Halted,Yes
Lumbini Province,Pokhara,Foreign Investment,1/10/2022,"$217,217.09 ",In Progress,
Bagmati Province,Kathmandu,Education,5/4/2021,"$789,116.20 ",Delayed,
Lumbini Province,Chitwan,Electricity,6/13/2022,"$225,803.44 ",Completed,Yes
Bagmati Province,Itahari,Education,7/30/2021,"$670,477.23 ",Completed,
Bagmati Province,Itahari,Transportation,11/6/2023,"$604,546.31 ",In Progress,
Sagarmatha Province,Itahari,Electricity,11/12/2023,"$368,334.56 ",Completed,
Sagarmatha Province,Chitwan,Electricity,11/27/2023,"$423,465.82 ",In Progress,
Gandaki Province,Chitwan,Agriculture,11/13/2022,"$818,953.41 ",In Progress,
Karnali Province,Pokhara,Education,2/10/2022,"$452,190.47 ",Yet to Start,
Lumbini Province,Kathmandu,Foreign Investment,2/17/2023,"$843,650.17 ",Yet to Start,
Gandaki Province,Kathmandu,Foreign Investment,1/12/2022,"$310,873.79 ",In Progress,
Sagarmatha Province,Dhangadi,Hydro Power,2/8/2021,"$884,907.03 ",Halted,
Bagmati Province,Itahari,Transportation,4/23/2021,"$595,123.68 ",Halted,
Lumbini Province,Butwal,IT and Communication,5/26/2021,"$504,509.08 ",Halted,
Bagmati Province,Chitwan,Transportation,3/26/2022,"$241,061.11 ",Yet to Start,
Lumbini Province,Itahari,Transportation,11/11/2023,"$762,775.49 ",Delayed,Yes
Karnali Province,Pokhara,IT and Communication,1/19/2023,"$185,093.26 ",Halted,
Gandaki Province,Kathmandu,Transportation,6/29/2021,"$713,317.05 ",Delayed,
Sagarmatha Province,Butwal,Hydro Power,5/18/2021,"$620,658.09 ",Completed,
Sagarmatha Province,Butwal,Foreign Investment,1/18/2024,"$442,592.63 ",In Progress,Yes
Bagmati Province,Kathmandu,Electricity,10/3/2023,"$981,639.41 ",Delayed,
Gandaki Province,Butwal,Foreign Investment,9/22/2023,"$925,387.97 ",Completed,Yes
Karnali Province,Butwal,Electricity,1/6/2024,"$489,267.52 ",Halted,
Karnali Province,Pokhara,Transportation,7/9/2021,"$732,929.48 ",Delayed,
Gandaki Province,Butwal,Transportation,6/24/2023,"$548,776.63 ",Halted,
Bagmati Province,Itahari,Hydro Power,2/4/2023,"$965,451.91 ",Halted,
Karnali Province,Chitwan,Transportation,5/13/2021,"$437,892.25 ",Yet to Start,
Sagarmatha Province,Itahari,IT and Communication,7/9/2022,"$566,933.16 ",Delayed,
Gandaki Province,Itahari,Education,7/1/2022,"$906,417.32 ",Delayed,
Karnali Province,Dhangadi,Foreign Investment,6/25/2023,"$598,250.38 ",Completed,
Karnali Province,Dhangadi,Health,6/4/2021,"$292,617.00 ",In Progress,
Karnali Province,Kathmandu,Education,11/25/2022,"$956,763.33 ",Halted,
Bagmati Province,Butwal,Education,2/4/2023,"$681,703.08 ",Completed,
Gandaki Province,Butwal,Electricity,6/13/2023,"$801,929.26 ",Yet to Start,
Sagarmatha Province,Dhangadi,Agriculture,2/10/2023,"$676,921.40 ",Delayed,
Gandaki Province,Butwal,Transportation,5/1/2021,"$729,025.05 ",Completed,
Bagmati Province,Butwal,Hydro Power,3/28/2023,"$822,457.20 ",In Progress,
Gandaki Province,Chitwan,IT and Communication,4/1/2021,"$453,457.97 ",In Progress,
Sagarmatha Province,Chitwan,Education,2/4/2021,"$982,552.65 ",In Progress,
Lumbini Province,Dhangadi,Transportation,11/27/2022,"$320,175.69 ",Halted,
Bagmati Province,Butwal,Electricity,5/4/2021,"$957,205.29 ",Yet to Start,
Sagarmatha Province,Kathmandu,Foreign Investment,1/30/2024,"$683,558.33 ",Yet to Start,
Karnali Province,Pokhara,Health,10/28/2021,"$509,523.93 ",Delayed,
Karnali Province,Kathmandu,Agriculture,10/19/2022,"$287,060.03 ",Delayed,
Gandaki Province,Kathmandu,Electricity,2/2/2022,"$680,136.21 ",Yet to Start,
Karnali Province,Chitwan,Agriculture,5/17/2021,"$743,130.27 ",In Progress,
Lumbini Province,Dhangadi,Electricity,10/21/2023,"$171,560.70 ",Halted,
Gandaki Province,Pokhara,Education,3/24/2023,"$187,495.88 ",In Progress,
Lumbini Province,Chitwan,Transportation,3/7/2022,"$524,899.33 ",In Progress,
Sagarmatha Province,Chitwan,Agriculture,8/16/2023,"$179,844.70 ",Completed,
Karnali Province,Itahari,Health,12/8/2023,"$213,818.18 ",Halted,
Bagmati Province,Pokhara,IT and Communication,6/21/2022,"$914,077.77 ",Completed,
Gandaki Province,Dhangadi,Health,10/30/2022,"$694,796.33 ",In Progress,
Karnali Province,Itahari,Foreign Investment,12/24/2023,"$749,380.45 ",In Progress,
Karnali Province,Pokhara,Foreign Investment,1/11/2024,"$432,622.85 ",Delayed,
Karnali Province,Itahari,Agriculture,2/9/2023,"$264,570.03 ",In Progress,
Lumbini Province,Dhangadi,Education,5/7/2023,"$195,426.03 ",Halted,
Lumbini Province,Dhangadi,Agriculture,4/14/2023,"$244,771.57 ",Delayed,
Gandaki Province,Butwal,Health,2/8/2022,"$361,451.24 ",In Progress,
Gandaki Province,Pokhara,Hydro Power,5/14/2022,"$798,586.89 ",Halted,
Karnali Province,Dhangadi,Education,10/24/2022,"$761,736.22 ",Halted,Yes
Gandaki Province,Itahari,Health,6/27/2021,"$710,269.50 ",Halted,
Bagmati Province,Itahari,Hydro Power,1/18/2022,"$555,982.72 ",Delayed,
Gandaki Province,Butwal,Education,7/21/2021,"$450,244.62 ",Yet to Start,Yes
Bagmati Province,Itahari,Health,7/9/2023,"$628,580.85 ",Halted,
Lumbini Province,Itahari,Electricity,9/3/2021,"$570,485.07 ",Delayed,
Gandaki Province,Kathmandu,IT and Communication,8/14/2021,"$599,184.78 ",Completed,
Bagmati Province,Butwal,Electricity,7/11/2022,"$571,121.53 ",In Progress,
Gandaki Province,Kathmandu,Electricity,6/28/2022,"$946,735.62 ",Halted,
Lumbini Province,Chitwan,Transportation,1/24/2023,"$663,443.02 ",Halted,
Lumbini Province,Pokhara,Education,1/16/2024,"$383,692.94 ",Yet to Start,
Lumbini Province,Itahari,Transportation,6/10/2022,"$298,769.51 ",Completed,
Bagmati Province,Dhangadi,Foreign Investment,4/13/2021,"$393,453.14 ",Yet to Start,
Gandaki Province,Dhangadi,Education,3/18/2022,"$673,639.89 ",Halted,
Lumbini Province,Itahari,Agriculture,9/26/2021,"$669,700.22 ",Halted,
Bagmati Province,Dhangadi,Education,5/30/2023,"$695,996.98 ",Completed,
Gandaki Province,Pokhara,Foreign Investment,12/7/2021,"$245,855.00 ",In Progress,
Sagarmatha Province,Itahari,Transportation,2/13/2023,"$350,187.02 ",Halted,
Lumbini Province,Itahari,Hydro Power,8/2/2023,"$380,255.68 ",Halted,
Sagarmatha Province,Butwal,Foreign Investment,6/1/2023,"$408,927.97 ",In Progress,
Gandaki Province,Butwal,Agriculture,1/8/2023,"$377,045.84 ",In Progress,
Lumbini Province,Kathmandu,Hydro Power,1/23/2022,"$413,599.21 ",Delayed,
Bagmati Province,Dhangadi,Foreign Investment,11/17/2023,"$588,473.45 ",Completed,
Karnali Province,Butwal,IT and Communication,8/26/2022,"$361,983.97 ",Delayed,
Sagarmatha Province,Itahari,IT and Communication,6/5/2022,"$186,270.35 ",Halted,
Lumbini Province,Chitwan,IT and Communication,10/25/2022,"$323,330.74 ",Halted,
Bagmati Province,Chitwan,IT and Communication,3/30/2023,"$991,225.89 ",Halted,
Bagmati Province,Chitwan,Foreign Investment,2/28/2022,"$934,606.46 ",Yet to Start,
Bagmati Province,Pokhara,Foreign Investment,8/24/2022,"$632,438.24 ",Delayed,
Gandaki Province,Itahari,Transportation,1/18/2022,"$673,527.33 ",Completed,
Sagarmatha Province,Kathmandu,Health,12/4/2023,"$433,274.28 ",In Progress,
Bagmati Province,Pokhara,Health,4/9/2022,"$296,299.17 ",Halted,
Sagarmatha Province,Dhangadi,Foreign Investment,7/31/2023,"$529,115.82 ",In Progress,
Gandaki Province,Kathmandu,Health,6/20/2023,"$626,069.74 ",Delayed,
Lumbini Province,Kathmandu,IT and Communication,5/6/2023,"$805,422.56 ",Halted,
Gandaki Province,Dhangadi,Health,5/19/2021,"$451,782.48 ",Delayed,
Bagmati Province,Chitwan,Agriculture,6/23/2021,"$595,000.94 ",In Progress,
Karnali Province,Kathmandu,Transportation,11/5/2021,"$721,803.02 ",Halted,
Bagmati Province,Chitwan,Hydro Power,12/10/2021,"$842,358.08 ",Yet to Start,
Bagmati Province,Pokhara,Education,8/2/2022,"$799,250.64 ",In Progress,
Bagmati Province,Butwal,Agriculture,10/25/2022,"$165,843.00 ",In Progress,
Gandaki Province,Chitwan,Education,1/18/2022,"$661,392.81 ",Completed,Yes
Gandaki Province,Itahari,Electricity,11/20/2022,"$691,010.79 ",Yet to Start,
Lumbini Province,Kathmandu,Agriculture,5/23/2021,"$198,934.60 ",Halted,
Lumbini Province,Itahari,Agriculture,1/16/2022,"$920,516.70 ",Delayed,
Gandaki Province,Dhangadi,Foreign Investment,1/23/2024,"$228,145.02 ",Delayed,
Karnali Province,Pokhara,Health,8/15/2022,"$755,609.24 ",Completed,
Lumbini Province,Itahari,IT and Communication,1/9/2024,"$365,127.61 ",Yet to Start,
Bagmati Province,Butwal,Foreign Investment,5/6/2023,"$175,026.50 ",Yet to Start,
Sagarmatha Province,Butwal,Transportation,10/29/2021,"$429,356.58 ",Yet to Start,
Bagmati Province,Butwal,Health,6/3/2023,"$974,337.25 ",Halted,
Bagmati Province,Pokhara,Agriculture,11/6/2021,"$915,103.24 ",Yet to Start,
Gandaki Province,Chitwan,Education,8/21/2021,"$648,788.32 ",Completed,
Gandaki Province,Chitwan,Foreign Investment,6/15/2023,"$495,901.50 ",Yet to Start,
Gandaki Province,Kathmandu,Electricity,11/21/2021,"$166,879.96 ",Delayed,
Gandaki Province,Pokhara,Education,7/17/2022,"$446,211.56 ",Delayed,
Karnali Province,Pokhara,Foreign Investment,4/17/2022,"$661,111.27 ",Yet to Start,
Bagmati Province,Chitwan,Foreign Investment,10/12/2023,"$968,514.41 ",Completed,
Sagarmatha Province,Dhangadi,Education,9/25/2022,"$638,416.29 ",Completed,
Karnali Province,Butwal,Electricity,1/1/2024,"$397,868.07 ",Delayed,
Gandaki Province,Kathmandu,Agriculture,9/19/2021,"$772,299.33 ",In Progress,
Bagmati Province,Dhangadi,Health,2/14/2022,"$941,206.36 ",Completed,
Gandaki Province,Pokhara,Hydro Power,5/29/2021,"$479,034.48 ",Yet to Start,
Karnali Province,Kathmandu,Hydro Power,12/20/2022,"$339,848.47 ",In Progress,
Bagmati Province,Itahari,Electricity,10/6/2023,"$352,420.68 ",Delayed,
Gandaki Province,Butwal,Agriculture,6/27/2021,"$497,593.88 ",Yet to Start,
Lumbini Province,Itahari,Agriculture,10/9/2021,"$973,358.23 ",Halted,
Sagarmatha Province,Itahari,Education,11/21/2023,"$202,897.02 ",In Progress,
Karnali Province,Kathmandu,Agriculture,8/23/2021,"$193,741.82 ",Delayed,
Sagarmatha Province,Kathmandu,IT and Communication,8/13/2023,"$516,945.49 ",Halted,
Sagarmatha Province,Pokhara,Hydro Power,1/29/2024,"$210,488.00 ",Delayed,
Lumbini Province,Dhangadi,Foreign Investment,8/8/2021,"$393,184.59 ",Yet to Start,
Bagmati Province,Dhangadi,Transportation,10/6/2021,"$587,231.21 ",Yet to Start,
Lumbini Province,Dhangadi,Foreign Investment,3/10/2021,"$502,833.21 ",Completed,
Bagmati Province,Kathmandu,Electricity,3/7/2023,"$755,142.12 ",Yet to Start,
Gandaki Province,Itahari,Transportation,7/25/2022,"$413,618.23 ",Delayed,
Lumbini Province,Kathmandu,Electricity,6/30/2023,"$683,234.40 ",In Progress,
Bagmati Province,Chitwan,Education,10/27/2021,"$839,707.13 ",In Progress,
Lumbini Province,Chitwan,Hydro Power,5/6/2021,"$399,798.39 ",Completed,
Gandaki Province,Itahari,Electricity,8/15/2023,"$942,251.65 ",In Progress,
Gandaki Province,Kathmandu,IT and Communication,1/24/2024,"$669,872.94 ",Halted,
Lumbini Province,Butwal,Foreign Investment,5/27/2022,"$282,546.85 ",Completed,
Sagarmatha Province,Butwal,Electricity,3/23/2021,"$624,641.59 ",Completed,
Bagmati Province,Dhangadi,Foreign Investment,10/31/2023,"$256,564.64 ",Yet to Start,
Karnali Province,Dhangadi,Health,10/17/2023,"$848,138.88 ",Halted,
Karnali Province,Itahari,Agriculture,6/15/2021,"$907,262.90 ",Halted,
Karnali Province,Chitwan,Agriculture,11/28/2023,"$896,298.67 ",In Progress,
Gandaki Province,Dhangadi,Education,1/13/2022,"$968,908.71 ",Halted,
Karnali Province,Chitwan,Health,1/28/2024,"$665,357.85 ",In Progress,
Karnali Province,Butwal,Hydro Power,1/23/2024,"$407,019.74 ",Completed,
Karnali Province,Chitwan,IT and Communication,9/25/2022,"$826,424.33 ",In Progress,
Gandaki Province,Pokhara,Education,9/10/2023,"$720,733.13 ",Halted,
Bagmati Province,Itahari,Education,11/14/2022,"$595,149.74 ",Completed,
Sagarmatha Province,Dhangadi,Transportation,6/28/2021,"$509,785.41 ",Delayed,Yes
Karnali Province,Pokhara,Electricity,3/12/2023,"$281,165.62 ",Halted,Yes
Karnali Province,Itahari,Hydro Power,3/26/2021,"$979,724.91 ",Delayed,
Karnali Province,Chitwan,Health,4/10/2021,"$814,814.31 ",Completed,
Lumbini Province,Chitwan,Hydro Power,6/9/2021,"$553,990.38 ",In Progress,
Lumbini Province,Kathmandu,Transportation,7/19/2021,"$598,446.26 ",Yet to Start,
Sagarmatha Province,Pokhara,Education,4/11/2022,"$389,222.26 ",Completed,
Gandaki Province,Itahari,Agriculture,5/4/2022,"$192,893.64 ",Completed,
Bagmati Province,Kathmandu,Electricity,4/1/2023,"$271,477.24 ",Halted,
Gandaki Province,Itahari,Agriculture,12/29/2023,"$920,114.86 ",Yet to Start,
Bagmati Province,Chitwan,IT and Communication,11/5/2022,"$643,694.79 ",Halted,
Lumbini Province,Dhangadi,Foreign Investment,9/21/2022,"$458,875.06 ",In Progress,
Bagmati Province,Kathmandu,Transportation,11/21/2022,"$887,081.75 ",Yet to Start,
Lumbini Province,Dhangadi,Education,4/3/2022,"$495,963.45 ",Halted,Yes
Gandaki Province,Kathmandu,Health,11/1/2021,"$626,113.44 ",Completed,
Sagarmatha Province,Pokhara,Hydro Power,12/14/2022,"$294,514.65 ",In Progress,
Bagmati Province,Itahari,Foreign Investment,7/7/2023,"$509,719.00 ",Delayed,
Sagarmatha Province,Butwal,Transportation,5/15/2022,"$592,035.88 ",Completed,
Lumbini Province,Dhangadi,Health,1/16/2022,"$346,869.09 ",Halted,
Gandaki Province,Dhangadi,Transportation,6/1/2022,"$703,421.40 ",Delayed,
Sagarmatha Province,Pokhara,Transportation,1/5/2023,"$425,448.19 ",Yet to Start,
Lumbini Province,Kathmandu,Agriculture,3/31/2023,"$320,773.79 ",In Progress,
Lumbini Province,Kathmandu,Health,2/12/2022,"$976,273.39 ",Completed,
Bagmati Province,Kathmandu,Health,4/15/2023,"$240,676.53 ",Halted,
Bagmati Province,Dhangadi,Health,4/6/2021,"$846,647.41 ",In Progress,
Gandaki Province,Kathmandu,Transportation,8/24/2021,"$577,425.48 ",Halted,
Karnali Province,Itahari,Agriculture,1/7/2022,"$583,499.85 ",Yet to Start,
Bagmati Province,Itahari,Hydro Power,3/1/2021,"$622,483.47 ",Halted,Yes
Gandaki Province,Dhangadi,IT and Communication,8/30/2022,"$365,325.54 ",Halted,
Karnali Province,Butwal,Transportation,1/29/2021,"$357,405.89 ",Delayed,
Gandaki Province,Dhangadi,Hydro Power,5/3/2023,"$357,355.58 ",In Progress,
Karnali Province,Dhangadi,IT and Communication,6/4/2021,"$991,112.68 ",Completed,
Sagarmatha Province,Chitwan,Transportation,7/7/2021,"$602,334.67 ",Halted,
Lumbini Province,Pokhara,IT and Communication,4/9/2022,"$282,987.55 ",Completed,
Gandaki Province,Butwal,Education,11/5/2023,"$671,016.72 ",Delayed,
Sagarmatha Province,Chitwan,Electricity,8/7/2021,"$199,121.88 ",Delayed,
Karnali Province,Kathmandu,Electricity,6/1/2021,"$776,407.82 ",In Progress,
Gandaki Province,Butwal,IT and Communication,8/17/2021,"$404,737.77 ",Yet to Start,
Bagmati Province,Kathmandu,Health,10/14/2021,"$298,088.76 ",Yet to Start,
Karnali Province,Dhangadi,Transportation,11/27/2023,"$908,426.09 ",In Progress,Yes
Sagarmatha Province,Dhangadi,Electricity,10/9/2022,"$714,696.96 ",Completed,
Gandaki Province,Chitwan,Agriculture,4/15/2021,"$516,679.66 ",Yet to Start,
Karnali Province,Dhangadi,Agriculture,5/24/2022,"$258,392.39 ",Yet to Start,
Sagarmatha Province,Chitwan,Electricity,9/16/2021,"$782,650.20 ",Halted,
Gandaki Province,Chitwan,Health,1/10/2023,"$954,088.06 ",Completed,
Sagarmatha Province,Chitwan,Transportation,7/28/2021,"$758,228.27 ",In Progress,
Sagarmatha Province,Kathmandu,Electricity,3/20/2022,"$554,915.80 ",Delayed,
Gandaki Province,Itahari,Health,7/28/2023,"$973,481.59 ",In Progress,
Karnali Province,Dhangadi,Health,11/6/2022,"$454,499.07 ",Halted,
Bagmati Province,Pokhara,IT and Communication,2/11/2023,"$279,228.06 ",In Progress,
Sagarmatha Province,Dhangadi,Transportation,1/11/2023,"$798,738.15 ",Halted,
Gandaki Province,Dhangadi,IT and Communication,8/1/2022,"$935,994.50 ",Completed,
Gandaki Province,Kathmandu,Electricity,1/10/2024,"$879,297.45 ",Yet to Start,
Gandaki Province,Kathmandu,Electricity,1/7/2022,"$945,010.37 ",Completed,
Lumbini Province,Dhangadi,Agriculture,2/26/2022,"$586,544.53 ",Halted,
Gandaki Province,Itahari,Agriculture,7/15/2022,"$930,620.87 ",Halted,
Bagmati Province,Dhangadi,Foreign Investment,1/26/2022,"$949,405.73 ",In Progress,
Lumbini Province,Dhangadi,Electricity,10/12/2023,"$471,872.72 ",Completed,
Sagarmatha Province,Pokhara,Agriculture,1/23/2021,"$613,912.44 ",Delayed,
Sagarmatha Province,Itahari,Education,9/17/2023,"$973,783.16 ",Yet to Start,Yes
Karnali Province,Dhangadi,Hydro Power,7/18/2021,"$181,705.48 ",Delayed,
Gandaki Province,Dhangadi,Electricity,10/1/2022,"$945,250.56 ",Delayed,
Karnali Province,Pokhara,Education,1/26/2024,"$814,308.15 ",In Progress,
Sagarmatha Province,Kathmandu,Electricity,6/19/2023,"$231,288.27 ",In Progress,
Karnali Province,Butwal,Foreign Investment,12/10/2023,"$990,988.95 ",Completed,Yes
Gandaki Province,Dhangadi,Agriculture,9/23/2021,"$215,247.40 ",Completed,
Sagarmatha Province,Chitwan,Foreign Investment,11/20/2022,"$852,777.84 ",Halted,
Sagarmatha Province,Dhangadi,Electricity,12/27/2023,"$448,990.68 ",Halted,
Bagmati Province,Itahari,Electricity,9/6/2021,"$817,363.02 ",In Progress,
Karnali Province,Butwal,Hydro Power,4/23/2023,"$736,116.37 ",Halted,
Gandaki Province,Itahari,Hydro Power,3/7/2021,"$253,768.07 ",In Progress,
Karnali Province,Dhangadi,IT and Communication,7/5/2021,"$398,142.57 ",Completed,
Lumbini Province,Pokhara,IT and Communication,3/11/2022,"$719,491.45 ",Delayed,
Lumbini Province,Dhangadi,Transportation,6/10/2022,"$863,166.43 ",In Progress,Yes
Sagarmatha Province,Dhangadi,Transportation,12/11/2021,"$992,759.71 ",Delayed,
Lumbini Province,Itahari,Agriculture,9/14/2023,"$714,179.64 ",Halted,
Karnali Province,Dhangadi,Electricity,12/21/2023,"$288,533.54 ",Halted,
Karnali Province,Pokhara,Foreign Investment,9/5/2021,"$630,344.04 ",In Progress,
Gandaki Province,Itahari,Electricity,5/17/2022,"$499,063.42 ",In Progress,
Sagarmatha Province,Kathmandu,Health,5/8/2021,"$440,969.41 ",Halted,
Bagmati Province,Kathmandu,Health,10/19/2022,"$659,123.36 ",Delayed,
Karnali Province,Itahari,Education,10/2/2022,"$282,976.53 ",In Progress,
Gandaki Province,Kathmandu,Health,8/17/2022,"$584,313.26 ",Delayed,
Sagarmatha Province,Butwal,IT and Communication,1/16/2024,"$427,479.09 ",Halted,
Gandaki Province,Dhangadi,Health,9/5/2022,"$439,809.53 ",Delayed,
Sagarmatha Province,Itahari,Health,2/24/2021,"$361,060.11 ",In Progress,
Bagmati Province,Chitwan,Electricity,9/16/2023,"$893,551.58 ",Yet to Start,
Lumbini Province,Butwal,Education,11/27/2021,"$533,106.87 ",Delayed,
Karnali Province,Dhangadi,Agriculture,6/3/2022,"$710,197.71 ",Yet to Start,
Karnali Province,Itahari,IT and Communication,12/14/2021,"$706,515.88 ",Delayed,
Sagarmatha Province,Kathmandu,Electricity,1/4/2023,"$617,303.31 ",Yet to Start,
Karnali Province,Pokhara,Foreign Investment,4/4/2023,"$575,029.28 ",Delayed,
Sagarmatha Province,Butwal,Health,1/24/2024,"$608,780.96 ",Halted,
Karnali Province,Itahari,Hydro Power,12/9/2022,"$945,722.56 ",Delayed,
Sagarmatha Province,Butwal,Electricity,1/24/2023,"$990,587.03 ",Halted,
Bagmati Province,Pokhara,IT and Communication,10/27/2023,"$485,260.92 ",Yet to Start,Yes
Bagmati Province,Itahari,Electricity,4/8/2023,"$771,429.15 ",Yet to Start,
Gandaki Province,Butwal,IT and Communication,4/5/2021,"$913,554.62 ",Halted,
Bagmati Province,Chitwan,Electricity,11/3/2021,"$400,077.90 ",Halted,
Bagmati Province,Dhangadi,Agriculture,12/29/2021,"$178,360.83 ",In Progress,
Bagmati Province,Pokhara,Education,12/6/2022,"$906,926.55 ",Completed,
Lumbini Province,Dhangadi,Hydro Power,4/4/2022,"$800,242.32 ",Yet to Start,
Lumbini Province,Itahari,Hydro Power,2/2/2023,"$430,759.50 ",Completed,
Sagarmatha Province,Kathmandu,Health,11/22/2021,"$660,129.02 ",Halted,
Bagmati Province,Butwal,Education,6/27/2023,"$524,025.40 ",Delayed,Yes
Lumbini Province,Dhangadi,Health,7/27/2021,"$474,482.96 ",Delayed,
Bagmati Province,Butwal,Foreign Investment,4/30/2022,"$422,877.84 ",Yet to Start,
Lumbini Province,Pokhara,Health,5/4/2023,"$910,731.71 ",Halted,Yes
Bagmati Province,Kathmandu,Hydro Power,1/6/2022,"$515,006.72 ",Halted,
Bagmati Province,Pokhara,IT and Communication,12/9/2021,"$260,686.77 ",Completed,
Karnali Province,Chitwan,Hydro Power,2/24/2022,"$743,393.54 ",Yet to Start,
Lumbini Province,Pokhara,Foreign Investment,5/19/2021,"$328,329.95 ",Yet to Start,Yes
Bagmati Province,Butwal,Agriculture,10/16/2022,"$666,104.42 ",Halted,
Lumbini Province,Pokhara,Hydro Power,3/26/2023,"$411,126.28 ",Halted,
Karnali Province,Butwal,Transportation,2/17/2023,"$554,638.22 ",In Progress,Yes
Lumbini Province,Dhangadi,IT and Communication,8/23/2022,"$823,378.21 ",Completed,
Bagmati Province,Pokhara,Hydro Power,7/14/2021,"$336,182.54 ",Yet to Start,
Lumbini Province,Kathmandu,Hydro Power,3/18/2023,"$559,320.47 ",Delayed,
Gandaki Province,Dhangadi,Agriculture,3/2/2022,"$741,703.04 ",Completed,
Lumbini Province,Pokhara,Electricity,9/1/2023,"$724,988.22 ",Delayed,
Lumbini Province,Chitwan,IT and Communication,12/4/2021,"$391,653.16 ",Yet to Start,
Lumbini Province,Butwal,Electricity,12/8/2021,"$268,863.46 ",Yet to Start,
Gandaki Province,Dhangadi,Electricity,7/8/2021,"$368,611.30 ",In Progress,
Sagarmatha Province,Itahari,Education,10/22/2023,"$299,957.66 ",Yet to Start,
Bagmati Province,Itahari,Electricity,12/11/2023,"$467,290.08 ",In Progress,
Lumbini Province,Kathmandu,Health,5/27/2021,"$865,214.56 ",Yet to Start,
Bagmati Province,Chitwan,Foreign Investment,7/20/2021,"$868,330.40 ",Delayed,
Sagarmatha Province,Dhangadi,Foreign Investment,11/23/2022,"$452,941.79 ",Halted,
Karnali Province,Itahari,Foreign Investment,1/13/2024,"$900,908.82 ",Completed,
Bagmati Province,Pokhara,Education,9/20/2021,"$798,115.61 ",Halted,
Lumbini Province,Kathmandu,Education,3/15/2023,"$325,708.64 ",In Progress,
Bagmati Province,Chitwan,Health,6/11/2023,"$933,968.35 ",Delayed,
Bagmati Province,Chitwan,Education,10/18/2023,"$194,157.80 ",Completed,
Karnali Province,Kathmandu,Agriculture,4/30/2021,"$448,074.10 ",In Progress,
Karnali Province,Chitwan,Electricity,11/25/2022,"$525,558.15 ",Delayed,
Sagarmatha Province,Pokhara,Transportation,1/21/2023,"$826,982.96 ",Halted,
Bagmati Province,Chitwan,Hydro Power,3/17/2023,"$658,102.33 ",Completed,
Bagmati Province,Pokhara,IT and Communication,7/30/2022,"$383,280.61 ",Halted,
Sagarmatha Province,Chitwan,Education,3/16/2022,"$408,029.95 ",Delayed,
Sagarmatha Province,Pokhara,IT and Communication,8/30/2023,"$844,472.08 ",Halted,
Sagarmatha Province,Butwal,IT and Communication,2/18/2021,"$690,123.53 ",Completed,
Gandaki Province,Pokhara,Health,6/13/2023,"$229,810.30 ",Completed,
Karnali Province,Dhangadi,Education,11/28/2021,"$697,498.31 ",In Progress,
Gandaki Province,Chitwan,IT and Communication,2/5/2021,"$684,666.44 ",In Progress,
Bagmati Province,Pokhara,Foreign Investment,9/9/2021,"$949,797.90 ",Completed,
Bagmati Province,Pokhara,Transportation,11/17/2023,"$302,838.03 ",Delayed,
Bagmati Province,Butwal,Electricity,10/16/2022,"$836,330.72 ",Yet to Start,
Karnali Province,Itahari,Foreign Investment,8/18/2021,"$578,771.30 ",Halted,
Lumbini Province,Dhangadi,Health,6/29/2023,"$505,601.97 ",Halted,
Sagarmatha Province,Pokhara,Agriculture,2/25/2023,"$911,232.58 ",Delayed,
Karnali Province,Pokhara,IT and Communication,12/5/2023,"$808,934.22 ",Completed,
Sagarmatha Province,Butwal,Electricity,10/14/2021,"$636,518.84 ",Delayed,
Bagmati Province,Kathmandu,Health,4/26/2022,"$869,551.11 ",Yet to Start,
Bagmati Province,Itahari,IT and Communication,1/8/2024,"$943,942.21 ",In Progress,
Lumbini Province,Chitwan,Education,7/4/2022,"$929,368.58 ",Completed,
Sagarmatha Province,Pokhara,Transportation,3/22/2023,"$197,755.10 ",Delayed,
Lumbini Province,Pokhara,Health,11/16/2022,"$972,414.45 ",In Progress,
Sagarmatha Province,Kathmandu,Health,4/15/2021,"$868,455.35 ",Halted,
Karnali Province,Dhangadi,Health,1/24/2021,"$296,155.34 ",In Progress,
Karnali Province,Butwal,Foreign Investment,3/2/2023,"$274,184.10 ",Halted,
Karnali Province,Chitwan,Education,10/18/2021,"$286,678.50 ",In Progress,
Karnali Province,Pokhara,Hydro Power,10/27/2021,"$358,062.40 ",Delayed,
Lumbini Province,Pokhara,IT and Communication,6/14/2023,"$340,088.93 ",Halted,
Sagarmatha Province,Pokhara,IT and Communication,11/23/2023,"$476,765.62 ",Yet to Start,
Sagarmatha Province,Butwal,Agriculture,3/20/2023,"$387,613.43 ",Yet to Start,
Bagmati Province,Dhangadi,Hydro Power,9/1/2021,"$438,178.39 ",Yet to Start,
Bagmati Province,Kathmandu,Foreign Investment,10/14/2022,"$813,358.52 ",Yet to Start,
Gandaki Province,Kathmandu,Electricity,3/18/2022,"$928,557.70 ",In Progress,
Sagarmatha Province,Itahari,Electricity,11/19/2021,"$473,604.28 ",In Progress,
Lumbini Province,Butwal,Foreign Investment,10/10/2023,"$174,093.17 ",Yet to Start,
Gandaki Province,Itahari,Education,6/7/2022,"$631,070.27 ",Delayed,
Sagarmatha Province,Kathmandu,Agriculture,5/25/2021,"$460,159.91 ",Halted,
Gandaki Province,Butwal,Hydro Power,7/13/2021,"$957,289.79 ",Completed,
Bagmati Province,Kathmandu,Foreign Investment,8/17/2021,"$315,907.17 ",In Progress,
Gandaki Province,Butwal,Agriculture,12/9/2023,"$372,198.10 ",In Progress,
Bagmati Province,Itahari,Education,2/20/2021,"$347,579.26 ",Delayed,
Lumbini Province,Itahari,Education,11/6/2023,"$664,469.55 ",Completed,
Lumbini Province,Chitwan,Foreign Investment,11/2/2023,"$461,967.42 ",Yet to Start,
Bagmati Province,Pokhara,Foreign Investment,4/22/2022,"$744,356.58 ",In Progress,
Lumbini Province,Itahari,Foreign Investment,9/3/2021,"$386,942.56 ",Yet to Start,
Gandaki Province,Kathmandu,Transportation,11/14/2022,"$225,900.58 ",Yet to Start,
Karnali Province,Chitwan,Transportation,6/13/2023,"$971,453.99 ",Completed,
Lumbini Province,Itahari,Electricity,2/1/2021,"$611,826.17 ",Yet to Start,
Sagarmatha Province,Kathmandu,Transportation,10/23/2022,"$935,191.13 ",Yet to Start,
Karnali Province,Dhangadi,Health,10/11/2023,"$527,850.49 ",Halted,
Gandaki Province,Butwal,Health,7/18/2022,"$331,309.49 ",Completed,
Karnali Province,Dhangadi,Health,1/3/2024,"$251,181.50 ",Completed,
Lumbini Province,Pokhara,Hydro Power,1/5/2022,"$871,603.16 ",In Progress,
Bagmati Province,Butwal,IT and Communication,1/2/2023,"$581,926.10 ",Yet to Start,
Gandaki Province,Chitwan,Foreign Investment,3/18/2023,"$675,232.07 ",Halted,
Karnali Province,Itahari,Health,9/24/2023,"$885,726.92 ",In Progress,
Gandaki Province,Dhangadi,Hydro Power,4/18/2022,"$249,849.86 ",In Progress,
Sagarmatha Province,Itahari,Hydro Power,10/29/2023,"$591,869.67 ",Delayed,
Gandaki Province,Dhangadi,Transportation,5/31/2023,"$541,840.89 ",Completed,Yes
Gandaki Province,Butwal,Electricity,1/22/2023,"$225,918.62 ",Yet to Start,
Sagarmatha Province,Pokhara,Transportation,8/5/2023,"$196,786.86 ",Yet to Start,
Bagmati Province,Butwal,Education,6/19/2021,"$442,400.15 ",Delayed,
Gandaki Province,Itahari,IT and Communication,3/2/2023,"$507,644.04 ",Delayed,
Karnali Province,Kathmandu,Electricity,2/3/2021,"$381,792.85 ",Completed,
Sagarmatha Province,Kathmandu,Hydro Power,1/2/2023,"$982,840.03 ",Completed,
Gandaki Province,Butwal,Foreign Investment,4/1/2021,"$225,359.69 ",Completed,
Sagarmatha Province,Pokhara,Transportation,11/29/2022,"$713,791.96 ",Delayed,
Karnali Province,Butwal,Foreign Investment,4/26/2023,"$579,978.41 ",Delayed,
Sagarmatha Province,Kathmandu,Hydro Power,6/11/2023,"$883,931.13 ",Yet to Start,
Sagarmatha Province,Kathmandu,Agriculture,4/29/2022,"$658,702.90 ",Completed,
Bagmati Province,Itahari,IT and Communication,5/17/2022,"$769,041.33 ",Delayed,
Karnali Province,Chitwan,Foreign Investment,5/28/2022,"$593,087.54 ",Halted,
Sagarmatha Province,Pokhara,Hydro Power,4/6/2022,"$406,070.53 ",In Progress,
Karnali Province,Itahari,Foreign Investment,12/24/2023,"$462,246.98 ",Delayed,
Bagmati Province,Kathmandu,Health,8/13/2022,"$658,789.17 ",In Progress,
